codi.vim	ab8c5faa867424c79a7d5d3a7f55d3a2528ee9b9
delimitMate	537a1da0fa5eeb88640425c37e545af933c56e1b
editorconfig-vim	ee6e91ca09d59043d365bd96a32e989bd75abe84
emmet-vim	def5d57a1ae5afb1b96ebe83c4652d1c03640f4d
erlang-motions.vim	e2eca9762b2071437ee7cb15aa774b569c9bbf43
fern.vim	3bbca3c87a57cdc87495b91a695b8eda722a1de1
html5.vim	7c9f6f38ce4f9d35db7eeedb764035b6b63922c6
indentLine	d15d63bf9c4a74a02470d4bc8ecce53df13e3a75
indentpython.vim	6aaddfde21fe9e7acbe448b92b3cbb67f2fe1fc1
javascript-libraries-syntax.vim	5ef435d8c28ebc3c9b52fb865f4c06db629857f7
jedi-vim	be483a2dcb63e992b02c5a0faff5d555720246fc
JuliaFormatter.vim	65d4e2625da00becf7b08c34683933320de0d306
julia-vim	82438000d85462dca63cf79353494b6d465ed0b9
L9	c822b05ee0886f9a9703227dc85a6d47612c4bf1
lsp	aac0b4671f8868fb40619c6eb54ed254fdb69dc2
matchit.zip	ced6c409c9beeb0b4142d21906606bd194411d1d
php.vim	930aec5c7026297a6630bd2940c08c5ff552cf2a
powerline	8b07f6396127f50fb73de9020912ae252d3ed170
python-syntax	2cc00ba72929ea5f9456a26782db57fb4cc56a65
rainbow	61f719aebe0dc5c3048330c50db72cfee1afdd34
renumber.vim	ab46b8b6b416229e79b164ac6ad255210f340067
SimpylFold	ff4c85197c5555715093c08a8d4f9d493c4d80cd
taglist.vim	53041fbc45398a9af631a20657e109707a455339
tcomment_vim	b4930f9da28647e5417d462c341013f88184be7e
todo-or-not-todo.vim	b29ba5f4d87d35821d78660cc47da3491a291504
tsuquyomi	8f6e2464171c5367867959093aa4b9c99b636a57
typescript-vim	52f3ca3474d51f5021696ffb7297d989e49121ac
ultisnips	e99fdf15cd55a4a8e0cb0a80a6810c1867a5c401
vim-airline	a2fefe599378b4a493287d10501f51e224753690
vim-airline-themes	77aab8c6cf7179ddb8a05741da7e358a86b2c3ab
vim-cpp-enhanced-highlight	4b7314a497ea2dd0a6911ccb94ce83b2d8684617
vim-css3-syntax	c0495f80bbdf4835afd85592b56aca8a45dca52c
vim-erlang-omnicomplete	7337df845b90b51f24087716564789c70ae03dc3
vim-fugitive	2febbe1f00be04f16daa6464cb39214a8566ec4b
vim-gitgutter	00df1089b6267f47c7c0f13536789feb9db1e65b
vim-go	fb173c3a849fdc47a267e905cee5e29a88797d61
vim-graphql	996749a7d69a3709768fa8c4d259f79b5fd9bdb1
vim-hy	0cd5933e3649589d21debfa643fef3ad519d899e
vim-indent-object	5c5b24c959478929b54a9e831a8e2e651a465965
vim-jade	36f937a5acbe24c4a1d602d5518e0071f47e011f
Vim-Jinja2-Syntax	2c17843b074b06a835f88587e1023ceff7e2c7d1
vim-opencl	7668b018fe9461c6b51e0b736ed84aa84d6bafce
vim-signature	6bc3dd1294a22e897f0dcf8dd72b85f350e306bc
vim-slime	93776ea69b99ad0ecd5291d8a5984386fd8ffa72
vim-snippets	8b36e1e2cb5fae3a91542c50817b9a7474e14115
vim-surround	3d188ed2113431cf8dac77be61b842acb64433d9
vim-table-mode	9555a3e6e5bcf285ec181b7fc983eea90500feb4
vim-toml	2069e7413d8eaab567fa320723c4af24bb437f3a
yajs.vim	2bebc45ce94d02875803c67033b2d294a5375064
